n-seri,n-para,result,finished soc,pack weight kg,DOD,max cell voltage,min cell voltage,total loss wh
190,4,Passed,49.78574169658846,76.0,2.7479720851318845,3.6514782487019692,3.4699832679439897,29.162675267986554
188,4,Passed,49.78213603610847,75.2,2.7779095030428635,3.6521563045223955,3.468691122755914,29.483847853181974
186,4,Passed,49.77842318061912,74.4,2.8085069839370576,3.65284871075256,3.4673700260203235,29.812196509297888
184,4,Passed,49.774598626198,73.6,2.839786621244663,3.653555927956982,3.466018992858807,30.147965238276615
182,4,Passed,49.770657610100955,72.8,2.8717715064960245,3.654278436627224,3.4646369931683814,30.491418307034643
180,4,Passed,49.76659513551607,72.0,2.904485786386843,3.65501673827169,3.463222948993008,30.84281525202958
178,4,Passed,49.76240591653702,71.2,2.9379547238082537,3.6557713565777576,3.46177573170946,31.20243501426924
176,4,Passed,49.75808437025574,70.4,2.9722047631666726,3.6565428386518892,3.4602941590119958,31.57057070940808
174,4,Passed,49.75362459959876,69.6,3.0072636003505266,3.6573317563439436,3.4587769916789126,31.947529707634057
172,4,Passed,49.7490203567423,68.8,3.043160257734364,3.6581387076623755,3.4572229301022315,32.33363404808287
170,4,Passed,49.74426503583743,68.0,3.079925164649275,3.658964318287745,3.4556306105600796,32.729221897152094
168,4,Passed,49.739351641026246,67.2,3.1175902437897065,3.65980924319256,3.4539986012091632,33.134648364433566
166,4,Passed,49.73427275814922,66.4,3.156189004076623,3.660674168376284,3.4523253977724706,33.5502865812178
164,4,Passed,49.72902052401306,65.6,3.1957566405457456,3.6615598127251956,3.4506094188948007,33.97652886273686
162,4,Passed,49.72358659296911,64.8,3.2363301418905834,3.6624669300076866,3.4488490011358253,34.41378796185978
160,4,Passed,49.71796210053207,64.0,3.2779484063544118,3.663396311016663,3.447042393567203,34.862498422774664
158,4,Passed,49.71213762373257,63.2,3.320652366738514,3.6643487858718755,3.445187751936676,35.323118044122296
156,4,Passed,49.70610313786316,62.4,3.364485125374557,3.6653252264962557,3.4432831323580704,35.796129462082554
154,4,Passed,49.69984796923393,61.6,3.4094921000040372,3.6663265492818358,3.441326484481547,36.28204186509307
152,4,Passed,49.693360743511874,60.8,3.4557211816055187,3.6673537179623934,3.439315644093437,36.781392853194156
150,4,Passed,49.6866293291603,60.0,3.503222905332464,3.668407746711775,3.4372483250891417,37.29475045649491
148,4,Passed,49.679640775439495,59.2,3.5520506358491346,3.6694897034888654,3.435122110756214,37.82271532893835
146,4,Passed,49.67238124435686,58.4,3.6022607685037826,3.6706007136524375,3.4329344442972927,38.365923135464584
144,4,Passed,49.66483593588081,57.6,3.6539129479439296,3.67174196387162,3.4306826185142736,38.92504715284317
142,4,Passed,49.65698900563949,56.8,3.7070703059659067,3.6729147063606193,3.42836376456571,39.50080110692152
140,4,Passed,49.64882347597369,56.0,3.761799720607442,3.674120263469482,3.425974839698574,40.093942275755126
138,4,Passed,49.640321131947225,55.2,3.818172098733534,3.675360032666366,3.423512613843394,40.7052748708549
136,4,Passed,49.63146241427695,54.4,3.8762626846454324,3.6766354919508313,3.4209736549476726,41.33565375841947
134,4,Passed,49.622226294792604,53.6,3.9361513975569338,3.6779482057423065,3.4183543129065916,41.98598852790459
132,4,Passed,49.61259014101366,52.8,3.997923201146513,3.6792998312931644,3.415650701931584,42.6572479675818
130,4,Passed,49.602529566436246,52.0,4.061668508806079,3.680692125681745,3.412858681176295,43.35046499026713
128,4,Passed,49.5920182632204,51.2,4.127483628685482,3.682126953447514,3.4099738334151857,44.06674205987724
126,4,Passed,49.5810278129288,50.4,4.195471253179811,3.683606294938228,3.406991441541939,44.80725717571199
124,4,Passed,49.56952748043608,49.6,4.265740998136351,3.6851322554478445,3.4039064626224578,45.573270500418744
122,4,Passed,49.5574839806457,48.8,4.3384099977931925,3.6867070752340174,3.4007134991995382,46.366148556631515
120,4,Passed,49.544861217934155,48.0,4.413603562303479,3.688333140515613,3.3974067675026096,47.18735703958468
118,4,Passed,49.531619988180275,47.2,4.491455905688575,3.6900129955640333,3.393980062164835,48.03842016656365
116,4,Passed,49.51771765554469,46.4,4.572110953206149,3.691749356017473,3.390426716990237,48.921009299692734
114,4,Passed,49.50310777859567,45.6,4.655723238460219,3.6935451235649626,3.3867395612435476,49.836923910428986
112,4,Passed,49.487739690736035,44.8,4.742458902149785,3.695403402167618,3.382910870853163,50.78810418608089
110,4,Passed,49.47155802521592,44.0,4.832496806194065,3.6973275160082437,3.378932313820576,51.776645165481575
108,4,Passed,49.45450217614852,43.2,4.926029779146745,3.699321029388212,3.3747948890147006,52.80481262613566
106,4,Passed,49.43650568541676,42.4,5.023266011377515,3.7013877688227557,3.3704888573932332,53.8750609831106
104,4,Passed,49.41749554350975,41.6,5.124430621547049,3.7035318476235792,3.3660036645305,54.990053505396595
102,4,Passed,49.39739139010027,40.8,5.229767419524592,3.705757693301968,3.3613278531370714,56.152685210079284
100,4,Passed,49.37610459747266,40.0,5.3395408952275005,3.70807007817756,3.356448964023017,57.366108860600974
190,3,Passed,49.65897992349843,57.0,3.6936362651671715,3.672618497266045,3.4289499252500377,39.35526292342042
188,3,Passed,49.65294717385131,56.4,3.7342341724387182,3.6735132975676184,3.427178258320688,39.79514916796107
186,3,Passed,49.64673020645949,55.8,3.7757359246965265,3.6744269420708955,3.425366285696711,40.24503748074311
184,3,Passed,49.640321131947225,55.2,3.818172098733534,3.675360032666366,3.423512613843394,40.7052748708549
182,3,Passed,49.633711627576666,54.6,3.8615746688530805,3.6763131971650496,3.4216157841228854,41.17622467965558
180,3,Passed,49.62689290491804,54.0,3.9059770877912072,3.6772870907096653,3.4196742689401916,41.658267551328706
178,3,Passed,49.61985568085234,53.4,3.95141437334005,3.6782823972790633,3.4176864676115604,42.15180248734907
176,3,Passed,49.61259014101366,52.8,3.997923201146513,3.6792998312931644,3.415650701931584,42.65724796758181
174,3,Passed,49.60508590388031,52.2,4.045542004207974,3.6803401393263626,3.413565211413021,43.175043163332795
172,3,Passed,49.597331980659284,51.6,4.094311079636597,3.6814041019380226,3.4114281481707276,43.70564923977942
170,3,Passed,49.58931672957563,51.0,4.144272703321484,3.6824925356295286,3.4092375714181937,44.24955075397245
168,3,Passed,49.5810278129288,50.4,4.195471253179811,3.683606294938228,3.4069914415419396,44.80725717571199
166,3,Passed,49.57245213921081,49.8,4.247953341759114,3.684746274679549,3.4046876137154163,45.37930450523494
164,3,Passed,49.56357581294413,49.2,4.301767959031913,3.6859134123497053,3.402323831009998,45.966257046960045
162,3,Passed,49.5543840719557,48.6,4.356966626309564,3.6871086907025674,3.39989771695613,46.568738715416515
160,3,Passed,49.544861217934155,48.0,4.413603562303479,3.6883331405156126,3.39740676750261,47.18735703958468
158,3,Passed,49.53499054652972,47.4,4.4717358624685914,3.6895878435613505,3.394848342316216,47.82276620760745
156,3,Passed,49.52475426845325,46.8,4.531423692890087,3.690873935802275,3.3922196553575636,48.475664658718095
154,3,Passed,49.51413342209881,46.2,4.592730500111436,3.692192610829208,3.3895177646616594,49.146790408078374
152,3,Passed,49.50310777859567,45.6,4.655723238460219,3.6935451235649626,3.3867395612435476,49.836923910428986
150,3,Passed,49.491655737695346,45.0,4.720472616602194,3.6949327942575483,3.3838817570401134,50.54689117773091
148,3,Passed,49.47975421346349,44.4,4.787053365255467,3.696357012789661,3.3809408717885674,51.27756717764244
146,3,Passed,49.46737850861097,43.8,4.855544528221763,3.6978192433341404,3.3779132187302423,52.02987954298538
144,3,Passed,49.45450217614852,43.2,4.926029779146745,3.6993210293882126,3.3747948890147006,52.80481262613565
142,3,Passed,49.44109686687001,42.6,4.99859776671358,3.7008639992230243,3.3715817346636796,53.60341193659869
140,3,Passed,49.427132160972306,42.0,5.073342491303251,3.702449871789004,3.368269349936723,54.426789004986155
138,3,Passed,49.41257538188277,41.4,5.150363716534699,3.7040804631222093,3.36485305092005,55.2761267223116
136,3,Passed,49.39739139010027,40.8,5.229767419524592,3.705757693301968,3.361327853137072,56.152685210079284
134,3,Passed,49.3815423545389,40.2,5.31166628420749,3.7074835940160424,3.3576884469521557,57.05780828422146
132,3,Passed,49.3649874985091,39.6,5.396180242615053,3.7092603167961276,3.3539291705085916,57.99293058469546
130,3,Passed,49.34768276928392,39.0,5.483437115116267,3.7110901419941094,3.3500439849040764,58.959611601141404
128,3,Passed,49.329580661189034,38.4,5.5735731334760175,3.712975488578031,3.346026426762603,59.95946858015156
126,3,Passed,49.31062973008355,37.8,5.666733789700132,3.714918924836555,3.3418695859009095,60.994259599963925
124,3,Passed,49.29077424266056,37.2,5.763074591832591,3.7169231800918037,3.3375660604695145,62.06587063113355
122,3,Passed,49.26995373511253,36.6,5.86276194522307,3.7189911575333134,3.333107912207173,63.176327462750514
120,3,Passed,49.248102517322955,36.0,5.965974129087442,3.721125948300393,3.3284866166995895,64.32780904349038
118,3,Passed,49.225149114780265,35.4,6.0729023806013345,3.72333084695707,3.323693007967196,65.52266239500315
116,3,Passed,49.20101563903195,34.8,6.183752100684529,3.7256093685231044,3.318717216608475,66.76341932011063
114,3,Passed,49.17561707593941,34.2,6.298744197819126,3.727965267246919,3.31354860060154,68.05281516528726
112,3,Passed,49.148860479121645,33.6,6.418116588821128,3.7304025573321233,3.3081756677199903,69.39380994103452
110,3,Passed,49.120644053743455,33.0,6.542125878527571,3.7329255358592324,3.3025859883447253,70.7896121565793
108,3,Passed,49.090856113106994,32.4,6.6710492439734,3.735538808179016,3.2967660972452375,72.2437057888008
106,3,Passed,49.05937388726265,31.8,6.805186552930692,3.738247316094425,3.2907013826546114,73.75988088186378
104,3,Passed,49.02606215891266,31.2,6.944862751817361,3.741056369195453,3.2843759606626786,75.34226836681609
102,3,Passed,48.99077169708764,30.6,7.090430564144896,3.743971679766761,3.2777725325896023,76.9953798033198
100,3,Passed,48.953337453220165,30.0,7.242273548089045,3.7469994017531203,3.270872222563079,78.72415288373192
188,2,Passed,49.304114624551254,37.6,5.6984860564891235,3.715580112595087,3.3404517562299136,61.347275124452025
186,2,Passed,49.29077424266056,37.2,5.763074591832591,3.716923180091804,3.3375660604695145,62.06587063113355
184,2,Passed,49.277005070322375,36.8,5.829150239234018,3.7182945646963015,3.334611655497889,62.80172779040497
182,2,Passed,49.26278792407469,36.4,5.896765192522103,3.719695172400545,3.3315860467182823,63.555484059146174
180,2,Passed,49.248102517322955,36.0,5.965974129087442,3.721125948300393,3.3284866166995895,64.32780904349038
178,2,Passed,49.2329273824553,35.6,6.0368343601753836,3.7225878787303968,3.325310617481278,65.1194065733119
176,2,Passed,49.217239786407085,35.2,6.109405992289965,3.724081993540125,3.322055162289173,65.93101694101077
174,2,Passed,49.20101563903195,34.8,6.183752100684529,3.7256093685231044,3.318717216608475,66.76341932011063
172,2,Passed,49.184229393563335,34.4,6.259938916015699,3.7271711280104536,3.315293588554701,67.61743438089823
170,2,Passed,49.16685393837085,34.0,6.338036025347769,3.7287684476424072,3.311780918476861,68.49392712225827
168,2,Passed,49.148860479121645,33.6,6.418116588821128,3.7304025573321233,3.30817566771999,69.39380994103452
166,2,Passed,49.130218410355944,33.2,6.5002575734365,3.7320747444375706,3.3044741064661376,70.31804596270383
164,2,Passed,49.11089517536147,32.8,6.584540005565422,3.733786357158726,3.3006723005637557,71.26765265994071
162,2,Passed,49.090856113106994,32.4,6.6710492439734,3.7355388081790166,3.2967660972452375,72.2437057888008
160,2,Passed,49.070064290831944,32.0,6.759875275341706,3.737333578571749,3.2927511096206588,73.24734367585366
158,2,Passed,49.048480320723684,31.6,6.851113034497594,3.739172221994349,3.288622699822694,74.27977189367962
156,2,Passed,49.02606215891266,31.2,6.944862751817361,3.741056369195453,3.284375960662679,75.34226836681609
154,2,Passed,49.002764884786515,30.8,7.041230330553745,3.742987732862479,3.280005695640784,76.43618895558404
152,2,Passed,48.978540458371256,30.4,7.140327757164172,3.7449681128400893,3.2755063971339666,77.56297357133892
150,2,Passed,48.953337453220165,30.0,7.242273548089045,3.74699940175312,3.270872222563079,78.72415288373195
148,2,Passed,48.92710076191767,29.6,7.3471932368481205,3.7490835910710785,3.2660969683153454,79.92135568865376
146,2,Passed,48.89977127090144,29.2,7.455219905807503,3.751222777655252,3.2611740411691725,81.15631701488692
144,2,Passed,48.8712855008549,28.8,7.56649476751808,3.753419170833892,3.256096426934943,82.4308870582986
142,2,Passed,48.84157520838747,28.4,7.681167801159063,3.755675100055907,3.250856655986797,83.74704104495072
140,2,Passed,48.81056694411224,28.0,7.79939845034378,3.7579930231791048,3.2454467653159282,85.10689013908618
138,2,Passed,48.778181561503445,27.6,7.921356389381515,3.7603755354552755,3.239858256684226,86.51269352896868
136,2,Passed,48.74433367009178,27.2,8.047222366053063,3.762825379281563,3.234082050397153,87.96687184344191
134,2,Passed,48.70893102557029,26.8,8.177189130071518,3.765345454795571,3.228108434144874,89.47202207541872
132,2,Passed,48.67187384823696,26.4,8.31146245769827,3.7679388314007447,3.2219270062789738,91.03093421597156
130,2,Passed,48.633054059849535,26.0,8.450262284489504,3.7706087603188796,3.215526612796394,92.6466098351181
128,2,Passed,48.59235442737081,25.6,8.593823959908065,3.7733586882783485,3.2088952771897485,94.32228288378961
126,2,Passed,48.54964760019041,25.2,8.74239963959765,3.7761922724599133,3.202020122190335,96.0614430371164
124,2,Passed,48.504795025167965,24.8,8.896259833533442,3.7791133968372996,3.1948872822731706,97.86786195359349
122,2,Passed,48.45764572115229,24.4,9.055695131118561,3.7821261900669727,3.187481805606521,99.74562288989382
120,2,Passed,48.40803489143399,24.0,9.221018127665147,3.785235045101578,3.179787543905932,101.69915418944893
118,2,Passed,48.35578234872575,23.6,9.392565580705003,3.7884446407242662,3.1717870283860643,103.73326725753033
116,2,Passed,48.30069072261718,23.2,9.570700829343238,3.7917599652274445,3.1634613296831913,105.85319975025917
114,2,Passed,48.24254341382107,22.8,9.755816515573557,3.7951863424897594,3.154789899234177,108.06466484466668
112,2,Passed,48.18110225266347,22.4,9.948337653332068,3.7987294607401014,3.1457503891280534,110.37390762790106
110,2,Passed,48.11610481090386,22.0,10.1487250993368,3.8023954043379495,3.1363184468738776,112.78776985394441
108,2,Passed,48.04726130563305,21.6,10.357479489820001,3.806190688946378,3.126467480829783,115.3137645915654
106,2,Passed,47.974250566834556,21.2,10.575146139167764,3.8101223005288327,3.11616843335102,117.96038279838301
104,2,Passed,47.89671718755322,20.8,10.802318951530218,3.8141977386646477,3.1053893495819866,120.73656124654876
102,2,Passed,47.814265448880555,20.4,11.039647426758592,3.818425064753003,3.094095136645148,123.65240723165137
100,2,Passed,47.726454072712535,20.0,11.28784302340869,3.82281295576284,3.082247110694332,126.71914057401706
182,1,Passed,47.25022495214542,18.2,12.562124617027123,3.844814564254705,3.020814000822863,142.75883071254268
180,1,Passed,47.187424376462694,18.0,12.722157664542578,3.847515878005175,3.0130258784421566,144.8097711464112
178,1,Passed,47.12226717249714,17.8,12.88643175083056,3.850274543251388,3.0050140695609997,146.92393927215724
176,1,Passed,47.054628569420665,17.6,13.055123115008875,3.8530924125239037,2.9967684670891157,149.1044439819341
174,1,Passed,46.98437509753558,17.4,13.228418254168773,3.855971419277331,2.988278322645679,151.35460913471096
172,1,Passed,46.91136382124287,17.2,13.406514710606984,3.8589135823720553,2.9795321928461105,153.67799303169912
170,1,Passed,46.835441488745644,17.0,13.589621935739785,3.861921010858069,2.9705178798820446,156.07841010166104
168,1,Passed,46.756443587575866,16.8,13.777962239926254,3.8649959090849664,2.961222365647216,158.5599551006054
166,1,Passed,46.67419329333794,16.6,13.971771838771836,3.868140582164468,2.951631738544174,161.12703018018138
164,1,Passed,46.588500297052676,16.4,14.171302008055797,3.8713574418142125,2.9417311119668756,163.78437523842504
162,1,Passed,46.499159494102706,16.2,14.376820361282313,3.8746490126143596,2.931504533287536,166.53710203746317
160,1,Passed,46.40594895505266,16.0,14.588612266044784,3.8780179387115132,2.9209348819767746,169.39072117943624
158,1,Passed,46.30860113626546,15.8,14.80698241799432,3.881466991007859,2.9100037552464477,172.35060701286957
156,1,Passed,46.20688184597242,15.6,15.03226896587843,3.8849990748771073,2.898516213107704,175.42236398349797
154,1,Passed,46.10050984895178,15.4,15.264822226723275,3.8886172384529756,2.8865675914350155,178.61289712623054
152,1,Passed,45.98917939869217,15.2,15.505018299809663,3.8923246815405808,2.874178417862906,181.92968837466228
150,1,Passed,45.87255768748108,15.0,15.753261299410127,3.8961247652062148,2.8613223405463346,185.38089540248478
148,1,Passed,45.75028017215671,14.8,16.0099880520254,3.90002102210672,2.847970090175084,188.9752893953288
146,1,Passed,45.621948204729314,14.6,16.27566952775164,3.90401716762616,2.834090315142483,192.72308668724256
144,1,Passed,45.487129483920086,14.4,16.550809405243996,3.9081171118945566,2.819649682782388,196.6348284614053
142,1,Passed,45.345347894360664,14.2,16.83595621184778,3.9123249727716423,2.8046109028604893,200.72224890876106
140,1,Passed,45.196078157310346,14.0,17.131705219613842,3.916645089887552,2.788933054787417,204.99840748395377
138,1,Passed,45.0387400708128,13.8,17.438703804025536,3.9210820398426014,2.7725710867450215,209.4777883229509
136,1,Passed,44.87269063327303,13.6,17.75766012828992,3.9256406526797547,2.7554745326101355,214.17631337641836
134,1,Passed,44.697218845744445,13.4,18.08934714082789,3.9303260297563622,2.7375879020646625,219.1118045726401
132,1,Passed,44.51151988931507,13.2,18.434607877601515,3.935143563156366,2.718850767105865,224.3045247171547
